{"pre":[{"teamName":"레스터 시티 FC"},{"teamName":"아스널 FC"},{"teamName":"맨체스터 시티 FC"},{"teamName":"맨체스터 유나이티드 FC"},{"teamName":"토트넘 핫스퍼 FC"},{"teamName":"웨스트햄 유나이티드 FC"},{"teamName":"리버풀 FC"},{"teamName":"크리스탈 팰리스 FC"},{"teamName":"왓포드 FC"},{"teamName":"스토크 시티 FC"},{"teamName":"에버턴 FC"},{"teamName":"사우샘프턴 FC"},{"teamName":"웨스트 브로미치 알비온 FC"},{"teamName":"첼시 FC"},{"teamName":"스완지 시티 AFC"},{"teamName":"노리치 시티 FC"},{"teamName":"AFC 본머스"},{"teamName":"뉴캐슬 유나이티드 FC"},{"teamName":"선덜랜드 AFC"},{"teamName":"애스턴 빌라 FC"}],"la":[{"teamName":"FC 바르셀로나"},{"teamName":"아틀레티코 마드리드"},{"teamName":"레알 마드리드"},{"teamName":"셀타 비고"},{"teamName":"비야레알 CF"},{"teamName":"데포르티보 라 코루냐"},{"teamName":"아틀레틱 빌바오"},{"teamName":"발렌시아 CF"},{"teamName":"SD 에이바르"},{"teamName":"세비야 FC"},{"teamName":"레알 베티스"},{"teamName":"RCD 에스파뇰"},{"teamName":"레알 소시에다드"},{"teamName":"스포르팅 히혼"},{"teamName":"헤타페"},{"teamName":"라요 바예카노"},{"teamName":"말라가 CF"},{"teamName":"그라나다 CF"},{"teamName":"UD 라스 팔마스"},{"teamName":"레반테 UD"}],"bun":[{"teamName":"FC 바이에른 뮌헨"},{"teamName":"보루시아 도르트문트"},{"teamName":"보루시아 묀헨글라드바흐"},{"teamName":"헤르타 BSC 베를린"},{"teamName":"VfL 볼프스부르크"},{"teamName":"FC 샬케 04"},{"teamName":"FSV 마인츠 05"},{"teamName":"바이어 04 레버쿠젠"},{"teamName":"함부르크 SV"},{"teamName":"FC 쾰른"},{"teamName":"FC 잉골슈타트"},{"teamName":"다름슈타트"},{"teamName":"아인트라흐트 프랑크푸르트"},{"teamName":"하노버 96"},{"teamName":"SV 베르더 브레멘"},{"teamName":"FC 아우크스부르크"},{"teamName":"VfB 슈투트가르트"},{"teamName":"TSG 1899 호펜하임"}],"se":[{"teamName":"FC 인터 밀란"},{"teamName":"ACF 피오렌티나"},{"teamName":"SSC 나폴리"},{"teamName":"AS 로마"},{"teamName":"유벤투스 FC"},{"teamName":"US 사수올로 칼초"},{"teamName":"아탈란타 BC"},{"teamName":"AC 밀란"},{"teamName":"토리노 FC"},{"teamName":"엠폴리 FC"},{"teamName":"AC 키에보베로나"},{"teamName":"SS 라치오"},{"teamName":"우디네세 칼초"},{"teamName":"UC 삼프도리아"},{"teamName":"볼로냐 FC 1909"},{"teamName":"제노아 CFC"},{"teamName":"US 팔레르모"},{"teamName":"프로시노네 칼초"},{"teamName":"카르피 FC"},{"teamName":"베로나 FC"}],"li":[{"teamName":"파리 생제르맹 FC"},{"teamName":"앙제 SCO"},{"teamName":"SM 캉"},{"teamName":"AS 모나코 FC"},{"teamName":"올림피크 리옹"},{"teamName":"AS 생테티엔"},{"teamName":"OGC 니스"},{"teamName":"FC 로리앙"},{"teamName":"올림피크 드 마르세유"},{"teamName":"스타드 렌 FC"},{"teamName":"FC 낭트"},{"teamName":"FC 지롱댕 드 보르도"},{"teamName":"릴 OSC"},{"teamName":"스타드 랭스"},{"teamName":"GFCO 아작시오"},{"teamName":"몽펠리에 HSC"},{"teamName":"앙나방 갱강"},{"teamName":"SC 바스티아"},{"teamName":"툴루즈 FC"},{"teamName":"ES 트루아 AC"}]}