[
  {"_id":{"$oid":"567160d3e4b0294e04c16da3"},"code":960747,"result":"","date":{"month":"01","day":"6","year":"2016"},"home":"Nantes","league":"ligue1","away":"Toulousedwd\n","goalEve":"","score":"1:3","time":"13:25"},
  {"_id":{"$oid":"567160d3e4b0294e04c16da4"},"code":960754,"result":"","date":{"month":"01","day":"6","year":"2016"},"home":"Troyes","league":"ligue1","away":"SC Bastia","goalEve":"","score":"1:2","time":"13:25"},
  {"_id":{"$oid":"567160d3e4b0294e04c16da2"},"code":960753,"result":"","date":{"month":"01","day":"6","year":"2016"},"home":"실험1","league":"ligue1","away":"SC 실험1","goalEve":"","score":"2-2","time":"14:00"},
  {"_id":{"$oid":"567160d3e4b0294e04c16da1"},"code":960752,"result":"","date":{"month":"01","day":"6","year":"2016"},"home":"실험22","league":"ligue1","away":"SC 실험22","goalEve":"","score":"3;3","time":"14:04"}
]