{"Bordeaux":"FC 지롱댕 드 보르도","Borussia M.Gladbach":"보루시아 묀헨글라드바흐","Getafe":"헤타페","Newcastle United":"뉴캐슬 유나이티드 FC","Deportivo La Coruna":"데포르티보 라 코루냐","Genoa":"제노아 CFC","Real Betis":"레알 베티스","Schalke 04":"FC 샬케 04","Wolfsburg":"VfL 볼프스부르크","Stoke":"스토크 시티 FC","Aston Villa":"애스턴 빌라 FC","Bayer Leverkusen":"바이어 04 레버쿠젠","Athletic Club":"아틀레틱 빌바오","Guingamp":"앙나방 갱강","Malaga":"말라가 CF","Reims":"스타드 랭스","Montpellier":"몽펠리에 HSC","Eibar":"SD 에이바르","Lazio":"SS 라치오","Saint-Etienne":"AS 생테티엔","Atalanta":"아탈란타 BC","Bologna":"볼로냐 FC 1909","Angers":"앙제 SCO","Lille":"릴 OSC","Sunderland":"선덜랜드 AFC","Juventus":"유벤투스 FC","Las Palmas":"UD 라스 팔마스","Crystal Palace":"크리스탈 팰리스 FC","Arsenal":"아스널 FC","Nice":"OGC 니스","Frosinone":"프로시노네 칼초","Espanyol":"RCD 에스파뇰","Rayo Vallecano":"라요 바예카노","Troyes":"ES 트루아 AC","Lyon":"올림피크 리옹","Ingolstadt":"FC 잉골슈타트","Leicester":"레스터 시티 FC","Carpi":"카르피 FC","Hannover 96":"하노버 96","Southampton":"사우샘프턴 FC","Bayern Munich":"FC 바이에른 뮌헨","Empoli":"엠폴리 FC","FC Cologne":"FC 쾰른","Fiorentina":"ACF 피오렌티나","Verona":"베로나 FC","Everton":"에버턴 FC","Villarreal":"비야레알 CF","Sporting Gijon":"스포르팅 히혼","Inter":"FC 인터 밀란","Levante":"레반테 UD","Marseille":"올림피크 드 마르세유","Darmstadt":"다름슈타트","GFC Ajaccio":"GFCO 아작시오","Palermo":"US 팔레르모","Monaco":"AS 모나코 FC","Roma":"AS 로마","Chelsea":"첼시 FC","Celta Vigo":"셀타 비고","Liverpool":"리버풀 FC","Augsburg":"FC 아우크스부르크","Real Madrid":"레알 마드리드","Barcelona":"FC 바르셀로나","West Ham":"웨스트햄 유나이티드 FC","AC Milan":"AC 밀란","Toulouse":"툴루즈 FC","Lorient":"FC 로리앙","Napoli":"SSC 나폴리","Mainz 05":"FSV 마인츠 05","Hoffenheim":"TSG 1899 호펜하임","Atletico Madrid":"아틀레티코 마드리드","Bournemouth":"AFC 본머스","Sevilla":"세비야 FC","West Bromwich Albion":"웨스트 브로미치 알비온 FC","Caen":"SM 캉","Werder Bremen":"SV 베르더 브레멘","Swansea":"스완지 시티 AFC","Manchester City":"맨체스터 시티 FC","Eintracht Frankfurt":"아인트라흐트 프랑크푸르트","Granada":"그라나다 CF","Tottenham":"토트넘 핫스퍼 FC","Hertha Berlin":"헤르타 BSC 베를린","Watford":"왓포드 FC","Paris Saint Germain":"파리 생제르맹 FC","Nantes":"FC 낭트","VfB Stuttgart":"VfB 슈투트가르트","Chievo":"AC 키에보베로나","Norwich":"노리치 시티 FC","Sassuolo":"US 사수올로 칼초","Rennes":"스타드 렌 FC","Udinese":"우디네세 칼초","Sampdoria":"UC 삼프도리아","Borussia Dortmund":"보루시아 도르트문트","Hamburger SV":"함부르크 SV","Manchester United":"맨체스터 유나이티드 FC","SC Bastia":"SC 바스티아","Torino":"토리노 FC","Real Sociedad":"레알 소시에다드","Valencia":"발렌시아 CF"}