{"SC 바스티아":"SC Bastia","VfB 슈투트가르트":"VfB Stuttgart","ACF 피오렌티나":"Fiorentina","RCD 에스파뇰":"Espanyol","스타드 랭스":"Reims","유벤투스 FC":"Juventus","FC 쾰른":"FC Cologne","올림피크 드 마르세유":"Marseille","스토크 시티 FC":"Stoke","파리 생제르맹 FC":"Paris Saint Germain","올림피크 리옹":"Lyon","사우샘프턴 FC":"Southampton","UC 삼프도리아":"Sampdoria","토트넘 핫스퍼 FC":"Tottenham","카르피 FC":"Carpi","보루시아 도르트문트":"Borussia Dortmund","바이어 04 레버쿠젠":"Bayer Leverkusen","세비야 FC":"Sevilla","왓포드 FC":"Watford","툴루즈 FC":"Toulouse","크리스탈 팰리스 FC":"Crystal Palace","레알 마드리드":"Real Madrid","프로시노네 칼초":"Frosinone","레알 소시에다드":"Real Sociedad","VfL 볼프스부르크":"Wolfsburg","AS 로마":"Roma","다름슈타트":"Darmstadt","아탈란타 BC":"Atalanta","아틀레틱 빌바오":"Athletic Club","스포르팅 히혼":"Sporting Gijon","베로나 FC":"Verona","FC 아우크스부르크":"Augsburg","FC 로리앙":"Lorient","발렌시아 CF":"Valencia","OGC 니스":"Nice","ES 트루아 AC":"Troyes","스완지 시티 AFC":"Swansea","애스턴 빌라 FC":"Aston Villa","말라가 CF":"Malaga","SM 캉":"Caen","몽펠리에 HSC":"Montpellier","헤르타 BSC 베를린":"Hertha Berlin","AC 키에보베로나":"Chievo","보루시아 묀헨글라드바흐":"Borussia M.Gladbach","토리노 FC":"Torino","맨체스터 유나이티드 FC":"Manchester United","비야레알 CF":"Villarreal","FC 지롱댕 드 보르도":"Bordeaux","웨스트햄 유나이티드 FC":"West Ham","TSG 1899 호펜하임":"Hoffenheim","웨스트 브로미치 알비온 FC":"West Bromwich Albion","선덜랜드 AFC":"Sunderland","AFC 본머스":"Bournemouth","헤타페":"Getafe","SS 라치오":"Lazio","노리치 시티 FC":"Norwich","셀타 비고":"Celta Vigo","릴 OSC":"Lille","데포르티보 라 코루냐":"Deportivo La Coruna","스타드 렌 FC":"Rennes","앙나방 갱강":"Guingamp","뉴캐슬 유나이티드 FC":"Newcastle United","SD 에이바르":"Eibar","첼시 FC":"Chelsea","FSV 마인츠 05":"Mainz 05","맨체스터 시티 FC":"Manchester City","리버풀 FC":"Liverpool","레스터 시티 FC":"Leicester","에버턴 FC":"Everton","SSC 나폴리":"Napoli","우디네세 칼초":"Udinese","AS 모나코 FC":"Monaco","SV 베르더 브레멘":"Werder Bremen","하노버 96":"Hannover 96","FC 잉골슈타트":"Ingolstadt","FC 인터 밀란":"Inter","라요 바예카노":"Rayo Vallecano","아스널 FC":"Arsenal","함부르크 SV":"Hamburger SV","볼로냐 FC 1909":"Bologna","앙제 SCO":"Angers","FC 샬케 04":"Schalke 04","AS 생테티엔":"Saint-Etienne","아틀레티코 마드리드":"Atletico Madrid","GFCO 아작시오":"GFC Ajaccio","제노아 CFC":"Genoa","엠폴리 FC":"Empoli","레반테 UD":"Levante","FC 낭트":"Nantes","그라나다 CF":"Granada","레알 베티스":"Real Betis","AC 밀란":"AC Milan","아인트라흐트 프랑크푸르트":"Eintracht Frankfurt","US 사수올로 칼초":"Sassuolo","FC 바이에른 뮌헨":"Bayern Munich","FC 바르셀로나":"Barcelona","US 팔레르모":"Palermo","UD 라스 팔마스":"Las Palmas"}